passenger_id,survived,pclass,sex,age,sibsp,parch,fare,embarked
1,0,1,male,44.83910937665271,0,1,65.65878779741415,S
2,1,3,male,38.638083294073766,0,1,32.456806227342554,S
3,1,3,female,39.569970524806685,0,0,34.30100072152485,S
4,0,3,male,10.87662004319252,3,0,58.34942338208087,S
5,0,3,male,46.96721579540961,0,0,4.830350231882349,S
6,0,3,female,33.657507437273985,0,2,44.98593796225326,S
7,0,3,male,24.830120050553155,0,0,88.37914913805888,C
8,1,3,female,32.00743854279152,0,0,0.0,C
9,0,2,male,5.132706739423519,0,1,103.70687356280803,S
10,1,3,male,35.721139360729396,0,0,89.28309765461059,S
11,0,1,male,15.588798885450998,4,0,33.90823844593333,Q
12,1,3,male,11.062615998190516,0,0,69.01867897551334,Q
13,1,3,female,8.686971392949523,0,0,50.11017044172143,S
14,0,1,male,45.57763724985895,0,1,93.0496628953539,C
15,0,3,male,21.190312488300957,0,0,84.39390999694794,S
16,0,3,male,51.472187938830984,2,1,0.9975246885946802,S
17,0,1,male,22.49877951726783,0,0,70.55418447124619,S
18,0,3,female,6.096988593698747,0,0,42.80302512248633,S
19,0,3,male,14.368657840718772,0,2,52.8991399681335,S
20,0,1,female,47.30136268009714,0,0,24.513983466056455,S
21,0,3,female,27.817425508886654,0,0,111.18479741922923,S
22,0,2,male,22.323977849131587,0,0,86.40216369659015,S
23,0,3,female,32.240255161939025,1,1,24.108009260946144,S
24,0,3,male,37.02495830634563,3,0,3.2886287581418614,Q
25,0,3,male,45.64358342263445,0,0,36.50145791577531,C
26,1,3,male,50.27898921850097,3,0,65.2075926131957,C
27,0,3,female,24.9632389589528,0,0,58.4072045381178,Q
28,0,3,female,11.435332394851464,0,1,93.85964886688852,S
29,0,2,male,24.211487744274137,0,0,77.64719027632984,S
30,0,3,female,33.6439270921604,0,0,83.93491590135173,S
31,0,1,male,16.507375033051446,0,0,61.439939021365305,S
32,0,3,male,16.5998871914694,0,0,1.3745444426153384,S
33,0,1,male,34.81303034169839,0,2,43.15055140985845,S
34,1,1,female,29.318867078013685,0,0,87.1031408968033,S
35,1,1,male,30.45915793576221,0,3,48.19669750163739,C
36,1,3,male,19.381065314199027,1,0,67.60816290183114,C
37,0,2,male,26.774390001119258,0,0,38.84380896638534,S
38,0,3,male,17.060735980243738,0,1,13.956585301035425,S
39,1,1,male,42.46277775574701,0,0,45.68295775838614,C
40,0,2,male,44.49349068613253,0,0,60.81666050614289,C
41,0,3,female,4.1533699286666845,2,3,27.050929818849472,S
42,0,3,male,16.98684795730626,0,0,41.7501064300166,Q
43,0,2,male,9.048590428738894,0,0,17.11878653049061,S
44,1,3,male,20.899664918303426,1,0,89.17357211474337,S
45,0,3,female,28.83186842293495,0,0,39.69404848441881,S
46,1,3,female,9.704966924220578,0,0,100.84644407941641,S
47,0,1,male,17.093962616245616,0,0,103.5061747689318,S
48,0,1,female,15.944596790859022,2,0,47.16339123473897,S
49,0,3,male,32.90174261158521,0,1,14.70429436084276,S
50,0,1,male,30.970820718507508,0,0,0.0,S
51,1,3,male,19.895674253278454,0,0,0.0,C
52,1,3,male,32.47549220995157,0,0,1.9157811285468966,S
53,1,3,male,22.346478815778283,0,0,98.24643696115267,S
54,1,3,female,26.196828455435252,0,0,54.053860552943114,S
55,0,3,female,53.42832926417952,0,1,63.63615834321958,S
56,1,2,female,48.766454725064875,2,0,0.0,S
57,0,3,male,11.805862683013633,1,0,8.071174977395842,C
58,0,2,male,41.61625385030844,0,1,81.04779217562005,S
59,0,3,female,41.35955176288229,1,0,60.037093933390516,S
60,0,3,male,13.924313957463344,0,0,44.847815246004096,S
61,0,3,male,41.462887012568046,0,0,69.76948255100429,S
62,0,3,male,51.531046857775735,0,0,107.25292321475352,C
63,1,3,female,14.284372712578206,1,1,42.26351377620323,S
64,0,2,male,17.15496050580031,1,1,52.42794309303243,C
65,0,2,male,44.24726053580903,0,0,56.74089215559568,S
66,0,3,female,33.80093435155907,3,0,133.72383723458972,S
67,0,1,male,37.720667853353326,0,2,0.0,C
68,1,1,male,34.768249029606956,2,2,73.91280551760828,S
69,0,2,male,35.46974289299402,3,0,45.98192129343277,C
70,1,2,male,11.42939020364484,0,0,69.83701041644629,C
71,1,2,female,44.66244789270028,1,0,26.99196061018465,S
72,0,1,male,46.37425989398883,0,2,48.28622391995424,S
73,0,1,male,26.788529583047612,0,0,74.89937028129233,S
74,1,1,female,29.391322702605926,0,0,158.95185703653442,S
75,1,3,female,8.56449496421989,0,0,78.2812666290725,S
76,1,2,female,37.19956658424969,2,0,20.317704068932198,S
77,1,2,male,38.008804183998016,0,0,35.16841112920539,C
78,0,3,male,29.129325762009646,0,3,34.13050620656511,C
79,0,1,female,45.74094703818704,1,0,0.0,S
80,0,3,female,25.322918766280832,3,0,38.44684329044969,S
81,1,3,male,37.9044829625104,0,0,75.64901786376107,S
82,1,1,male,15.724699258310382,4,0,5.401875832312172,S
83,0,2,male,29.670269887760668,0,0,86.69689278677075,S
84,0,3,female,27.559040389360298,1,0,67.07211873795184,C
85,0,3,male,33.15431090857318,0,0,24.301833731013676,C
86,0,3,male,24.82662299633298,0,0,45.04646269317534,S
87,1,3,male,28.15938366059665,0,0,105.94126326743616,S
88,1,1,female,41.56466040018109,0,0,75.6741734727053,S
89,1,3,female,23.885300678664954,0,2,50.30742792143517,C
90,0,1,male,7.5079205896584895,0,2,41.68108390636555,S
91,0,3,female,54.49417465887589,0,0,52.681317465808085,Q
92,1,3,female,49.34035710166681,2,0,32.088275472019376,C
93,1,3,male,11.908322268521339,0,1,0.0,S
94,0,3,male,39.65590927343272,0,0,121.47622686871559,Q
95,1,1,male,22.958353212281196,0,1,55.43637497197905,S
96,0,1,female,33.68882101463483,0,2,63.935154279288795,C
97,0,1,male,34.11913780618891,1,0,47.973228754308195,S
98,0,1,male,26.71829079557149,1,0,24.27091197463942,S
99,0,3,female,19.02728068179045,0,2,43.49264316679302,S
100,0,2,male,20.33242526757237,0,0,0.0,S
101,0,1,female,17.173313183262607,1,0,129.69802743186565,C
102,1,3,male,18.354489084773775,0,0,6.7920800552161396,S
103,0,3,male,29.059503939309025,1,0,13.881180065348715,S
104,0,3,female,19.979360152449473,0,0,34.590927846475985,Q
105,1,3,female,39.54872891997668,1,0,95.0826503698332,S
106,0,1,male,50.821446174702984,0,3,50.5078149741929,C
107,0,2,female,21.8792546208194,0,0,6.735247138933815,S
108,1,3,female,33.351663007495276,3,0,93.90184262650689,S
109,0,3,male,36.99559154424107,0,0,75.58502193749185,Q
110,0,1,female,36.60803179286984,0,0,68.84522350257583,S
111,0,3,male,31.063373750825225,0,0,75.05069844097942,S
112,0,1,male,40.397553857036115,0,2,133.8026665203858,S
113,1,1,male,36.7514853375292,0,1,126.47832132626392,S
114,1,3,female,12.672726087417828,0,0,25.964962994884665,S
115,1,3,female,42.16818490144983,0,0,106.83597474839033,S
116,1,3,male,42.42207172173439,0,0,63.41088664156151,S
117,1,1,male,19.31399454149986,1,0,67.46835356482123,C
118,0,3,male,30.53112969626643,0,0,0.0,S
119,1,2,male,39.56660589935497,0,0,44.03649821141314,S
120,0,1,female,27.069606525888936,0,3,21.55117433822023,S
121,1,3,female,45.021692668724164,0,0,78.98205852126583,S
122,1,3,male,63.09421492467105,0,0,87.48781751409817,S
123,0,3,female,18.996195543110247,0,1,0.0,S
124,0,3,male,10.665375555847152,0,0,49.22877975985053,S
125,0,3,female,34.25346033846826,0,0,89.26515266779882,S
126,0,3,female,40.10187507176601,0,0,43.46623631902943,S
127,1,1,male,26.767870766173235,0,0,75.51722757508276,S
128,1,2,male,50.34564928649448,0,1,62.29079136694794,S
129,0,2,female,11.259518803874517,0,0,61.958108118341926,S
130,0,2,male,39.700860722442556,0,1,40.50397576760959,C
131,0,3,male,21.517948509375493,0,0,7.419671855250165,S
132,0,3,male,54.07129068690215,1,0,10.746444840124042,S
133,0,1,male,57.895214944353654,0,1,74.8273380059361,C
134,0,1,male,19.26680777103313,0,0,50.68103894316091,C
135,1,3,female,22.306200097279877,0,0,45.152071438747136,S
136,0,1,female,42.034230417717225,0,0,35.16384851871766,S
137,0,3,male,24.580170902946797,0,0,39.318390408173684,S
138,1,3,female,29.364242948948664,0,0,86.64191280708488,Q
139,0,3,male,30.35543788759374,2,0,38.26645713461907,C
140,1,3,female,3.1245758132328127,0,0,3.0627350344450974,S
141,1,3,female,29.806271554680677,3,0,76.02781214390606,S
142,0,2,male,20.343811163101567,0,2,42.8293167647349,Q
143,0,3,female,23.09628048640319,0,0,51.098855293647176,S
144,0,3,male,50.2108480485634,0,1,106.26524072398286,S
145,0,2,male,12.408903480090412,0,0,49.28038049273225,C
146,0,3,female,41.38487261447168,0,0,60.12142855915539,C
147,0,3,male,26.09451897535468,0,1,8.737677804558615,C
148,0,3,male,26.083357641058317,0,0,42.31156916771639,S
149,0,3,male,41.06520654472396,3,0,71.33341158230104,S
150,0,3,female,34.760718123964466,1,0,0.0,S
151,1,3,male,37.988581961073436,0,0,57.029578259049835,S
152,0,3,male,43.554585247460054,0,0,53.52768754256822,S
153,0,3,female,25.361682635433482,0,0,51.44506094556038,S
154,0,3,female,21.428685716891493,0,1,86.30056145303851,S
155,1,3,male,14.807892628190826,0,0,61.70534801969825,C
156,0,3,male,18.444252580294627,0,2,101.73251644247554,S
157,1,1,male,71.28732195432215,0,2,15.224366954208733,S
158,1,3,male,47.425514130315015,0,0,54.75735985264218,S
159,0,3,male,11.0849588730877,4,0,52.95633752364816,S
160,1,1,female,11.485588605590017,1,1,12.576092718572198,Q
161,0,3,female,36.746124864058885,3,2,83.47032507319712,S
162,1,1,male,37.66170716329154,0,0,131.3635657048486,S
163,1,2,male,37.6843736944431,0,0,49.40478739306592,S
164,0,3,female,26.43061889024823,0,0,67.67573808958184,S
165,0,1,male,28.243640359959397,0,0,52.95814665353645,S
166,1,3,female,34.590313338231006,0,0,25.024536553248847,S
167,0,3,male,31.202502088106627,0,0,0.0,S
168,0,3,male,0.0,0,0,25.29792809166222,S
169,0,1,female,26.782805171947288,0,0,1.281456666689408,S
170,0,2,male,18.08030992035561,0,0,109.64357273206912,S
171,1,3,female,32.45295986471917,0,0,45.97116071268663,S
172,0,3,male,71.79362603644773,0,0,37.89282348334903,S
173,0,3,male,35.14474331664026,0,0,81.12038386757321,C
174,0,2,female,25.61058439358643,0,0,10.738711400043918,C
175,1,3,male,42.905221027681534,0,0,23.159758669840667,S
176,0,3,female,36.757630420928976,3,0,52.38252942370173,S
177,1,3,male,35.881322866325775,0,2,86.00691469982182,S
178,0,1,female,38.4959083050194,1,0,67.55897658090758,S
179,1,3,female,58.79160990761358,0,0,58.69137998805588,C
180,0,3,male,14.16756190543718,0,0,52.734120733260575,S
181,0,3,male,36.63084907536036,0,3,64.00825494343712,S
182,0,2,male,17.030664180258462,0,0,57.057851679523914,S
183,1,3,male,37.77717704879147,0,0,13.950970382807249,S
184,1,3,male,17.13838883919468,1,0,51.6127727571603,S
185,0,1,female,24.156864609528817,0,0,12.42089693787866,C
186,1,3,female,25.868741200669312,0,0,52.83788900152883,S
187,1,3,female,43.661434070825926,0,0,33.17732204791155,Q
188,0,1,female,42.85836221519379,2,0,138.87835679740016,S
189,0,2,female,12.559956729750617,0,0,48.60369656869008,S
190,0,3,female,30.76907755399788,0,0,0.8516151808443908,S
191,0,1,male,20.065882033511585,0,0,45.30369262630764,S
192,1,3,female,12.380931250545316,1,1,68.17755609732609,S
193,1,2,female,26.961761294058814,4,0,108.56773811533833,S
194,1,3,male,25.681240961618524,0,1,29.369166002144855,Q
195,0,1,male,63.97403080883731,2,0,0.0,S
196,0,3,male,36.06143755504975,1,0,78.58929540008434,S
197,1,3,male,10.713354989440678,0,0,1.6790452935122104,S
198,1,3,female,22.093163941606807,0,2,34.73455954723802,S
199,1,3,male,44.29936613601158,0,0,40.983283007115205,C
200,1,1,male,59.23819882017895,3,0,47.56282913449621,C
201,1,3,female,7.796233628668585,0,0,74.12075599760175,S
202,0,1,male,3.6810586080533696,1,0,26.07280011997643,S
203,0,1,male,56.19351245520495,0,0,40.41947617416338,S
204,1,2,male,35.454598483192655,1,0,49.500537646771406,S
205,0,3,female,17.84390175373087,0,0,55.23592851315758,C
206,0,3,female,37.48480720571409,0,0,53.423951114777296,S
207,0,3,male,0.0,1,0,65.2602021327903,Q
208,1,3,female,30.047257092360255,1,0,79.53438283746081,S
209,0,2,male,34.5894964198032,2,0,63.74219404778388,C
210,0,3,female,42.93978195352962,0,0,65.87549332282265,S
211,0,2,female,15.805456667904473,1,0,0.0,Q
212,1,3,female,31.199620259647027,0,0,51.75796947079881,S
213,1,1,male,17.04405523516578,0,2,66.7827641800563,S
214,0,3,female,33.57537257944044,0,2,75.51294180996575,S
215,1,3,female,17.465151486917662,0,1,25.7677229018172,S
216,0,1,male,24.28658825175691,0,0,26.933625378897425,S
217,0,1,female,16.058584472936793,4,0,29.90647636507406,C
218,1,3,male,39.1159073855312,0,0,68.77448649619701,S
219,1,3,female,42.01831563319331,0,0,86.1858369223473,S
220,1,2,male,26.71531202059621,0,0,35.73889624479394,C
221,1,3,female,30.535331929440396,0,1,81.77868097694672,C
222,0,1,male,9.719720195130382,0,1,54.3217933207608,S
223,0,2,male,25.80452692790498,3,1,45.64999779931473,S
224,0,3,male,29.297135361415574,2,0,42.60155195637108,S
225,0,2,male,66.69110327441965,2,0,76.1313977610755,S
226,0,3,male,14.432461639161708,4,0,61.395223587547456,C
227,1,2,male,50.49848134253412,0,0,129.6538899676673,C
228,0,2,male,43.95602282852131,0,0,20.172137495093654,S
229,1,3,male,33.92890966286191,0,0,68.13355957104915,C
230,1,2,male,54.620686778731866,0,0,31.47796465659705,S
231,1,3,female,35.20947661649608,0,0,19.574955455397465,S
232,0,1,male,35.448228739351,0,0,49.619650203775976,Q
233,0,1,female,29.256310857754364,0,0,54.80733677924626,S
234,0,1,female,47.129964353860785,0,0,152.13607442710324,C
235,0,3,female,45.35056927335237,0,1,43.55489645108793,S
236,1,2,male,21.240517975053024,0,0,10.44374446803608,C
237,0,3,female,11.530539275617258,0,0,59.5553751123035,S
238,0,3,male,27.1582710764608,0,0,0.0,S
239,1,3,male,18.799460098432952,0,0,46.7815126088507,S
240,0,1,male,29.110655955385027,1,3,50.56088488033061,S
241,1,3,female,47.32413388557795,0,0,77.8110134030824,C
242,1,3,male,23.59777682878494,0,0,84.07677872997465,S
243,1,3,male,29.400472661637952,1,0,32.37506333822989,S
244,0,3,female,30.812318287317535,0,1,44.728509487952344,S
245,0,3,female,41.87803235087399,0,0,23.185770928626518,C
246,1,3,male,0.0,1,0,10.517810581730714,S
247,0,1,male,21.506195873285847,0,0,60.84631727832221,C
248,1,1,female,32.95797169191262,1,0,5.424505799119025,S
249,1,3,male,46.80110538997606,1,0,35.48805847998479,Q
250,1,3,male,23.113365734913128,0,0,15.168911403526693,S
251,0,3,male,3.728262115413763,0,0,69.23891152015909,Q
252,0,3,female,38.67596024352591,0,1,113.05005347432709,S
253,1,1,female,21.10492655644119,0,0,4.444420601883408,S
254,0,1,female,13.344666772734943,0,0,0.0,C
255,0,3,female,21.259164544014865,0,0,45.62895901274764,S
256,0,2,male,27.416644992818107,0,0,50.549422858521545,C
257,1,1,male,21.533574696465024,0,0,57.65307573650542,S
258,1,3,male,0.0,0,0,34.37878196679793,S
259,0,1,male,42.55892675641985,0,0,42.97762454110989,S
260,0,3,male,47.84825057790211,0,0,62.86286436892108,S
261,0,2,female,39.12130787875308,1,0,86.41508124256936,Q
262,1,3,male,14.072400614052567,0,0,0.0,S
263,0,2,female,27.179118524734747,0,0,37.08711963389882,C
264,0,3,male,29.908701586787586,3,0,57.48330778793722,S
265,1,1,male,38.38312145386674,0,0,17.870836338624244,S
266,1,1,male,39.35676684205313,0,2,110.59093711185548,S
267,1,2,male,19.72156681710106,0,1,27.760654191994206,Q
268,1,3,female,31.147937789789847,0,0,48.554755954745104,S
269,0,3,male,36.40192566461337,0,0,69.46077338948018,S
270,0,2,male,50.38151251005473,0,1,29.305032391933693,C
271,1,3,male,39.86309155754613,0,1,0.0,S
272,1,3,male,41.046793623257265,2,0,34.99709155792134,S
273,1,3,male,31.173572791011054,0,0,86.03041945744641,S
274,1,1,female,49.74642803284905,0,0,38.208670562520155,S
275,0,3,female,35.736679143432966,2,1,20.37479944893575,S
276,0,1,male,17.944769257570016,0,0,82.39852733259525,C
277,1,2,female,49.64717958175267,2,0,38.42287863919316,S
278,1,3,male,39.77064581554639,0,0,32.144371522242395,C
279,1,1,male,23.79738370420125,1,0,55.230963138215834,S
280,1,3,male,23.287098456410593,0,0,76.97625733665755,S
281,1,3,male,34.15205763197066,1,0,133.3599736106391,S
282,0,3,male,36.48458713374619,2,0,78.9532637680098,S
283,0,3,male,32.76209171883689,0,0,90.59439882359206,C
284,0,1,male,34.35832142820039,0,0,32.291183035425064,S
285,0,2,male,53.799403244069325,0,0,14.094616291068327,S
286,0,3,male,45.0016041312884,0,0,52.181597236669305,Q
287,0,1,female,32.66889827771034,0,0,53.75094703408587,S
288,0,2,male,43.178348130744766,0,1,12.252054052239096,S
289,0,1,male,15.544665350614446,0,0,43.86469145335955,S
290,0,1,male,35.57097869925533,0,0,63.97611606016958,C
291,0,2,male,55.33028889626354,0,0,62.6137688256328,S
292,0,1,male,26.947357464506766,0,1,67.65007486844954,C
293,1,3,male,18.133124999332814,0,0,60.183765554810506,Q
294,0,3,male,20.87075555969715,0,0,32.254696925548046,Q
295,0,3,male,14.745137477206562,0,0,32.01347806729049,C
296,0,1,male,19.013333286212152,0,0,8.036701070214342,C
297,1,1,male,24.812886619739594,0,1,112.46712637147832,S
298,0,1,male,10.322061731499012,0,1,50.47076276167525,S
299,1,3,male,30.218656675294444,0,0,42.130143047180184,C
300,0,3,male,42.63188043301306,1,0,17.492277149163947,C
301,0,1,female,17.291413477943117,0,0,152.74802658147223,S
302,0,3,male,51.26997493098476,0,0,12.433518872198654,S
303,0,1,male,37.15108923938632,0,0,34.99032260378743,Q
304,1,3,male,44.4281281987368,1,0,64.55428927001212,C
305,1,3,female,20.79031624607008,2,0,71.00745380104972,Q
306,1,3,male,41.96335317893262,0,0,83.52762193254894,C
307,0,3,male,14.712925394465618,0,2,113.26629777192421,C
308,0,3,male,42.46346501171112,2,0,67.71551794112493,S
309,1,2,male,32.40575075710944,0,1,13.038922001166632,Q
310,0,3,male,37.74551707978697,0,0,41.006920620737645,S
311,0,1,male,13.541675521252078,0,0,60.774133037985976,Q
312,0,3,female,17.469022208127534,0,0,122.38791145270383,S
313,0,3,male,38.361195055547384,2,0,1.0768082551496008,S
314,1,3,female,16.72312794086119,4,0,92.09017768288297,S
315,1,3,female,36.484888089387724,1,0,56.297002934124585,S
316,1,3,male,10.86007070955656,0,3,79.32406873303182,S
317,0,3,male,41.874438977333355,2,0,46.43018491774238,S
318,0,3,male,12.744673593240872,0,0,20.514857945578576,S
319,0,1,male,37.732199127513326,0,2,76.28054727904662,S
320,0,1,male,38.75883307104401,2,0,72.90508594869674,S
321,0,2,female,20.245194541985953,0,0,84.02199380089027,S
322,1,1,female,38.14837193918618,0,0,49.534337761747764,S
323,1,3,male,33.64619168666978,0,1,29.006229183805274,S
324,0,1,male,22.456214013301665,1,2,0.0,C
325,1,3,female,15.880234422933087,0,2,78.67806438487922,Q
326,1,2,female,2.5232403165838946,0,0,64.83613188553952,S
327,0,1,female,34.89510066219571,0,1,16.197607849761425,Q
328,0,3,male,8.092761200931228,1,0,31.149921434618154,S
329,0,3,male,31.334818792178314,1,0,33.66344158169958,C
330,0,3,male,26.311724974848513,0,0,0.0,S
331,0,3,male,39.50799885613473,0,0,21.38111611882032,S
332,1,3,male,25.7713630071419,0,3,10.315937511777605,S
333,0,1,male,25.38773099114072,3,1,35.56323458392222,S
334,0,3,female,40.24618986003614,0,0,24.1455875584653,S
335,0,3,male,34.690812407177646,2,0,0.0,S
336,0,3,male,34.4261834005589,0,0,120.79065806993185,S
337,1,1,male,36.569746257319366,1,1,93.83892558602307,C
338,1,3,male,8.501990275100518,1,0,22.734320246800504,S
339,0,1,male,40.59504151981775,1,0,59.53474888287634,S
340,0,1,male,38.57456311619043,3,0,64.61127814374532,S
341,0,2,female,15.76643619992904,0,0,91.68800491707168,S
342,0,3,male,26.58287336856118,0,0,21.348824066897247,S
343,0,3,male,29.449697973213162,0,2,88.2237374393849,C
344,0,3,male,28.11704501837574,1,0,30.823314352757272,C
345,0,3,female,34.67403953195949,0,0,3.2448158540985332,S
346,0,2,female,50.03913494563657,0,0,75.3447795760074,S
347,1,2,female,45.1447341874196,0,0,95.17654484428499,S
348,0,2,male,11.628931291960313,0,2,140.57681407357396,Q
349,0,3,male,38.708979864284686,0,0,8.009615721842529,S
350,1,1,male,48.60506647349574,0,0,74.46218897782761,S
351,0,3,male,35.415319289648835,1,0,35.656956467226344,S
352,1,3,female,45.27372595260354,0,0,77.4175548683411,Q
353,1,2,male,58.171786239810714,0,0,0.0,C
354,0,3,female,44.33193364549774,0,0,5.80305785055026,C
355,0,3,female,33.490320338984205,0,0,22.844381189173067,C
356,1,3,male,44.63123863718655,1,0,52.76374159838296,C
357,0,3,female,32.02842966335648,2,0,27.562155671157562,C
358,0,2,male,30.334642605989377,0,0,73.06690203696968,S
359,1,2,male,25.080200700007744,1,0,85.941311639027,S
360,0,3,male,51.887787023649516,2,0,70.98521394358745,S
361,0,3,male,18.54199867681198,1,1,106.65756738813039,C
362,1,1,male,51.45314814549363,0,1,64.553932030937,S
363,0,3,male,36.998097732365196,3,0,7.408615138094149,S
364,0,3,male,10.409713552772818,0,0,97.71817797384189,C
365,1,3,male,35.147090101879904,0,0,28.81953175379009,S
366,0,1,male,0.5996288928772628,0,0,81.86464748899495,C
367,1,3,male,38.7571122356345,0,1,105.08069757942872,S
368,1,3,male,42.393240761845874,0,0,65.98408037556398,S
369,0,1,male,21.70701662087125,0,0,0.0,S
370,0,1,female,31.72966774337815,0,1,17.862574172157295,S
371,0,3,female,57.35820407250401,1,1,96.29605634097975,S
372,0,1,female,22.919546140332887,2,0,44.08070600250143,S
373,0,3,female,15.175293781207593,0,0,52.7850737229758,S
374,1,3,male,50.74328763447638,1,0,76.55885456572632,C
375,0,2,female,57.47622066743113,1,0,74.37130017281132,C
376,0,3,male,30.051739405869863,1,1,59.75799343349112,S
377,1,3,male,44.16048249571699,0,1,42.696607007283696,S
378,0,3,female,48.78066281743234,1,0,39.056604399367494,S
379,1,2,male,19.605220744462624,3,0,80.026458885197,C
380,0,3,female,23.205718304849846,1,1,69.37493358737277,S
381,0,1,female,47.23224318416629,0,0,40.99449997837736,Q
382,1,2,female,53.590199901919135,0,0,87.87393095475993,S
383,1,3,female,37.88033204244097,0,0,45.48380597045757,S
384,1,2,male,17.68259905097124,0,0,20.191823898296235,S
385,1,3,male,57.81885556379218,0,0,23.436025538382932,C
386,1,2,male,22.566407430632495,0,0,15.744070729158189,S
387,0,3,male,25.308071063599677,1,0,40.465649418870946,S
388,0,1,male,34.7927296828547,2,0,93.18034974176675,S
389,1,3,female,51.75824589000683,0,0,21.82166866393219,S
390,1,3,female,41.95566367173113,3,0,56.5966516356336,S
391,1,1,male,35.80811700506675,0,0,27.01587290304054,S
392,0,1,male,36.48603942165349,0,1,40.889183555499685,S
393,0,1,male,30.609205361008524,1,0,0.0,Q
394,1,3,male,37.81395320325909,1,0,42.281161979521194,S
395,0,2,female,0.0,3,0,43.22031170682633,S
396,1,3,male,25.847495573022822,0,1,68.91007804124934,Q
397,1,2,male,33.37850708883494,1,0,57.81483196393797,Q
398,0,2,male,13.885802829326902,0,0,8.056275626678413,S
399,1,3,female,35.40852644936184,1,0,87.94693854152399,C
400,1,3,male,27.1374029061943,1,0,57.360606407769836,S
401,0,1,male,54.57665977641686,0,0,56.94377310121203,C
402,1,1,male,52.022276153007994,0,0,49.67861763152014,S
403,0,1,male,23.478722032345722,2,0,31.87848934722231,S
404,1,3,male,27.888272038066265,0,0,57.623081891205416,S
405,0,3,female,28.964734081482504,0,0,66.64559525750039,S
406,1,3,male,23.676767333765284,1,0,0.0,S
407,0,3,male,32.73034977639377,0,0,31.143370692886652,S
408,0,3,male,19.384051035573737,1,0,41.07685603587437,C
409,1,3,female,14.171385310874632,0,0,58.96597119929973,C
410,0,3,male,38.71795713460376,0,0,91.7658852074494,Q
411,0,1,female,38.81341417910535,1,0,22.989071489112618,S
412,1,1,male,18.739579364760107,0,1,32.57133536137553,C
413,1,2,male,42.5349760306764,0,2,32.06130612737075,C
414,0,1,male,21.15791179168536,1,0,21.946534346341046,S
415,1,3,male,33.544313332531736,0,0,37.848472671070816,S
416,0,3,female,41.484816176574384,0,0,76.97807769957899,S
417,0,1,male,29.529424094148016,0,1,13.115757662247901,C
418,0,1,male,36.36637276997588,1,0,64.97350383035162,C
419,1,3,male,22.769984985573995,1,0,0.0,S
420,1,3,male,27.24946783200664,1,1,30.35317012452279,Q
421,1,2,male,27.117967967675234,0,0,38.467874492370484,S
422,1,3,male,19.547903148436653,1,1,108.62008855199227,S
423,0,1,female,27.525161716379053,0,0,40.381919333655915,S
424,0,1,male,8.319343815907548,1,0,0.0,C
425,0,3,male,23.123847540010534,0,1,0.0,S
426,0,3,female,26.01174309282461,2,0,51.19103552213384,S
427,0,1,male,26.41348346506468,1,0,71.48197995264681,S
428,1,3,female,26.619035757809097,0,0,63.140955016953846,S
429,0,3,male,29.135301201958196,0,2,55.86495370303466,Q
430,0,3,female,36.712181253204896,2,0,90.67908591269834,C
431,0,3,male,42.24323903785532,0,0,31.114307274200392,S
432,1,3,female,20.903286824124258,3,0,81.32186946093888,S
433,0,3,female,13.155188024551979,0,0,0.0,S
434,0,3,male,15.411378228596558,0,0,18.326825847167683,S
435,0,1,female,23.17915910327102,0,0,0.0,S
436,1,1,male,25.07310155056887,0,0,40.38041447655727,S
437,0,2,male,19.2200550732356,3,1,48.380857395678014,S
438,1,3,male,11.854366700501476,0,0,53.9935522279282,C
439,1,1,male,23.614308415361364,1,0,52.165917351049735,S
440,0,3,male,32.5399726815956,0,0,17.535633421589523,C
441,0,3,male,38.33041252169791,0,0,43.34157044553745,S
442,1,1,male,22.196077256483505,0,1,0.0,S
443,0,3,female,24.218030489991925,0,0,97.71301412962876,S
444,0,3,female,17.026223676137647,3,0,39.37308744856996,Q
445,1,3,male,29.55985161475313,0,0,32.88898583347081,S
446,1,1,male,18.121999121328596,0,0,105.6129114955429,C
447,1,3,male,38.0237893853768,0,0,6.521371325776975,S
448,1,3,male,4.997869112922444,0,0,10.604451008881085,C
449,0,3,male,24.965184585665526,0,0,11.632288629600218,S
450,0,3,male,34.215502748684386,2,0,47.62450164051813,S
451,1,3,male,32.57368322851506,0,0,65.1071070373159,S
452,0,3,female,67.70247129572695,0,0,75.88864138412418,S
453,0,3,male,34.89720034395071,0,3,140.0198361123239,C
454,1,3,male,15.943235644211857,4,0,0.0,C
455,0,1,male,28.663500540752977,0,0,71.3057456193546,S
456,0,3,male,5.132551331469674,0,0,30.500429959971907,S
457,0,3,male,28.871603509845347,0,0,29.47546978889293,C
458,0,3,male,18.33721520198938,0,0,28.307975511114282,S
459,0,1,male,42.81546385784226,0,1,18.193061521720935,S
460,0,3,male,22.30643615566251,0,0,108.95836921112081,C
461,0,2,female,28.36527717886655,1,1,79.4804064454866,Q
462,1,3,female,21.10219022033835,0,0,50.81185924950812,C
463,1,1,male,54.34391892594664,1,0,97.285551337045,S
464,0,3,male,25.502601274349235,0,1,0.0,S
465,1,3,male,55.65579860870882,0,0,3.4253204034175866,S
466,0,1,male,41.39812466965573,0,2,0.0,S
467,0,3,male,36.74893418269541,0,0,25.520491095684935,C
468,1,2,male,35.162264062445274,1,2,55.65944843466635,S
469,0,3,male,35.513162175027524,0,0,53.60005022763169,S
470,1,3,male,3.012583889161462,0,0,55.22696688709581,C
471,0,3,male,26.09563248188941,0,0,0.6130109126871375,S
472,1,3,female,41.8322115965805,4,0,78.11041599149077,S
473,0,3,female,29.315439431362524,0,0,58.386963138364926,S
474,1,2,female,10.327342144749949,2,0,75.65689985130994,S
475,0,2,male,29.266337691915428,0,0,0.0,Q
476,1,3,female,53.85747722757688,0,0,60.90218005792265,Q
477,0,3,male,47.456484017486076,0,1,8.428216602886557,S
478,0,3,female,29.131943868875556,0,0,36.09368616070233,Q
479,1,3,male,43.32028987881321,0,0,68.70277145227342,S
480,0,2,female,24.868901714847276,0,0,53.18827621895696,S
481,1,3,male,6.145797784425934,2,0,20.19610070772384,S
482,1,1,female,17.05747616618624,1,0,50.21956046645464,S
483,0,3,female,51.88044275911477,1,0,0.0,S
484,1,1,male,26.16409685438974,0,2,90.25935885644037,S
485,0,2,male,26.592624288749747,0,1,42.81505931763121,S
486,1,2,female,25.80226525215167,0,0,89.14924804893641,Q
487,0,2,male,56.657912254022094,1,0,31.571390951638495,Q
488,0,3,female,52.76342481506889,2,0,31.674840405769597,S
489,1,2,male,61.06292326827388,0,0,23.253462467675373,C
490,1,3,male,27.77336705439928,0,0,80.66608760925763,Q
491,0,1,male,34.13874284245933,0,0,25.169909493503347,Q
492,1,2,male,8.767004308108923,0,0,72.56084013453118,S
493,0,1,female,50.677081965655844,0,0,36.614166081574844,S
494,0,1,male,13.651086282248912,0,0,0.0,C
495,0,3,male,33.034857892676804,1,1,30.039007627473687,S
496,0,3,male,14.637764613140183,0,0,8.731212497300312,S
497,0,3,male,21.755864425658256,0,1,51.186595328881815,C
498,0,3,female,18.278325965304195,4,3,8.335729251392841,S
499,1,2,female,21.48974635053855,0,0,82.4091285250116,S
500,1,3,male,22.4522821559143,0,0,46.812344887644045,S
501,1,3,female,22.32423687104892,0,0,43.78414018344414,S
502,0,3,female,41.6666747649243,0,2,72.95622482256539,Q
503,0,1,male,14.531920897124719,0,3,83.73674269265518,S
504,1,2,female,33.087579978194135,1,0,49.296543688062194,C
505,1,2,male,47.05142813227782,0,0,23.00798951577483,S
506,0,2,male,22.815250896812458,0,1,0.0,S
507,1,3,female,19.949135529533574,0,0,25.988258503768698,S
508,1,3,male,26.77265524747649,0,1,28.397571367321344,Q
509,1,3,female,46.51615291704994,2,1,53.747010854730384,S
510,1,3,female,32.71750683334701,2,0,37.919859160169054,S
511,0,3,male,22.56299987549362,0,0,74.07765402179999,S
512,0,3,female,36.77427311663256,1,0,28.545585505525867,S
513,1,3,male,14.567909902290074,0,0,48.00355916014704,S
514,1,1,male,39.53903314620127,4,0,91.43956051189113,S
515,0,1,male,35.720502307824745,0,0,61.96388248842383,S
516,0,1,female,25.690681404055624,4,2,47.898686040900245,S
517,0,3,male,18.259798821738766,1,2,28.931944532268805,S
518,1,3,male,17.586467088031597,0,0,27.836901114975802,S
519,1,2,female,37.48744270884274,0,1,20.228536146681826,Q
520,0,3,female,47.205727034846866,4,0,31.06475969759852,S
521,0,1,female,21.077691541596874,1,0,76.44830435605101,S
522,0,3,male,36.41741384972078,0,0,42.23391050477059,Q
523,1,2,male,0.7816217395710368,1,0,2.757942571656912,S
524,1,1,male,21.815351770799204,0,1,111.88592525709242,S
525,1,3,female,29.565174939807374,0,0,61.19878169008071,S
526,0,2,male,17.26443216225433,0,0,0.7569809820390745,S
527,0,2,male,16.888910752945655,0,0,34.53528754657117,Q
528,0,2,female,20.651086209435594,1,0,53.88102339899463,C
529,0,3,male,34.09069819656922,0,0,109.6607232654082,S
530,1,3,female,27.377393742310755,1,0,11.216063960939579,C
531,1,2,female,0.0,0,0,84.16142517745813,Q
532,1,3,female,0.3101978631090745,0,0,98.982024944032,S
533,1,3,male,21.503887509999544,0,1,27.997099322390042,S
534,0,2,male,36.407612204749725,0,0,40.28702333989183,S
535,1,2,female,0.0,0,0,13.729176341918041,S
536,1,1,female,23.00377753387717,0,0,42.87886006218933,Q
537,1,1,female,22.632530008756106,0,0,48.71935089799741,C
538,0,3,male,49.43672889491827,0,0,73.08774993288296,S
539,0,1,female,24.60969463601991,0,0,88.15642148571564,S
540,0,3,female,35.361845786372996,0,1,23.81663773824235,C
541,1,3,female,31.977599961224485,2,0,0.0,S
542,0,1,female,0.17206928269919075,2,1,49.25643272533153,C
543,0,3,female,40.75490103284432,0,3,60.27381354890242,S
544,1,2,male,33.01555107638803,0,0,58.72961906897646,C
545,0,3,male,37.11576095544425,0,0,38.56643633718346,C
546,0,3,male,80.0,3,0,54.36632348823771,C
547,0,3,male,0.8224188470197618,0,2,103.04056829232866,S
548,1,3,male,54.14575309665552,0,1,63.36069591368783,S
549,0,1,male,25.97573472839502,0,0,36.93210512489205,S
550,1,3,male,34.02260466164213,0,1,32.49307640164015,S
551,0,3,male,29.36282856578261,0,0,44.055167481279426,S
552,1,3,male,24.06069133242739,1,2,107.28589866407239,Q
553,0,3,female,22.022339004657375,0,2,43.5844751665831,S
554,0,3,female,34.61312229802213,0,0,49.30719794177522,S
555,1,1,male,8.759568246596494,0,0,33.1190250172294,S
556,0,1,female,40.50810834530472,0,0,88.46441751046876,Q
557,0,3,male,24.173278331606447,2,0,118.59430391606362,S
558,0,2,male,14.17902925343499,0,1,65.77145673009859,C
559,1,3,male,23.699819988058607,1,0,52.8970516324899,S
560,1,3,male,47.60008903607602,0,0,51.287399161098215,C
561,1,2,female,22.505308781772875,0,0,0.0,S
562,0,1,female,35.018350654934686,3,3,76.08028024996861,S
563,0,3,male,19.766612139983373,0,0,54.69582455985452,S
564,0,2,male,40.610905898930675,1,0,64.99197177312537,S
565,0,3,male,39.59710834306286,0,0,25.098823207070332,S
566,0,2,male,55.880523666149756,1,3,36.544009235801795,S
567,0,3,male,27.542104763010983,0,1,35.614127222388944,S
568,0,1,male,39.36116726661069,0,0,85.75680444255636,S
569,1,3,female,31.372945553545225,1,0,36.74340571889174,S
570,0,3,female,48.1422049460822,2,0,122.89311127384292,Q
571,0,3,male,19.936346573477774,2,0,65.0801846655263,S
572,1,1,female,40.43007438028194,1,0,5.3511069001493965,S
573,0,3,male,27.274237854366458,2,2,45.50087973618151,S
574,1,3,male,29.101365520481032,0,0,27.191370724525452,S
575,1,1,male,31.28453478227722,0,1,0.0,S
576,1,1,female,33.531365549973486,0,0,105.98148290398262,C
577,0,1,female,28.372793396292586,0,0,74.60998897770014,Q
578,1,3,male,33.00598456438737,0,0,68.66225612647594,C
579,0,3,male,52.09365280587058,0,0,55.78912811048965,S
580,0,3,female,43.79629559861306,0,0,1.6293850957646825,S
581,0,1,male,42.168164294956554,1,0,33.073400115559714,S
582,1,2,female,23.62244663566581,0,0,79.46232711744045,S
583,0,3,male,17.55062840480346,0,0,13.207298957612402,C
584,0,3,male,43.37420781532854,0,0,0.0,S
585,1,3,male,42.26465509541712,1,3,42.05128972766759,S
586,0,1,male,50.61738946051375,1,0,45.03848560903615,S
587,0,3,male,21.544271236430788,0,1,54.74471957451482,S
588,0,2,female,26.786318824955142,0,0,75.49815252300877,S
589,0,2,male,7.047221724643922,0,1,72.31620342809231,S
590,0,3,female,24.50540451514778,0,0,59.05694318353726,S
591,0,3,female,43.95198714811226,0,1,91.84359858303483,C
592,1,3,female,23.46906469080523,0,0,0.0,C
593,0,1,male,38.96671713281153,0,0,67.66036350670866,S
594,0,1,male,27.33295651603064,0,0,71.92884271679299,S
595,1,3,male,34.53679839510185,3,0,6.615319987191619,S
596,0,3,female,13.932320542580658,3,0,0.0,S
597,1,2,male,31.192932294874616,0,0,23.892025573353955,S
598,0,1,male,0.0,0,0,26.846049511964782,C
599,0,1,male,27.38345378573221,0,1,76.36968122258507,S
600,0,3,male,7.1733745879880395,0,0,28.49114257081168,S
601,0,1,male,46.88392323165542,3,0,20.02780186015786,C
602,0,2,male,40.88370293870316,0,0,28.59281921569043,S
603,0,1,female,36.53339374752513,1,0,89.1521316953974,S
604,0,2,male,51.29408718023132,0,0,50.456518103193325,S
605,0,1,male,16.71516870845228,4,0,43.72621411250809,S
606,0,3,male,54.463084770817815,0,2,46.1498075454632,S
607,0,1,male,43.05068189964538,1,1,95.2221117014283,S
608,0,3,male,26.688225978934756,0,1,23.778989568886537,S
609,0,1,female,45.898682060561214,0,0,96.04279018290364,S
610,1,3,male,14.51189082623712,0,0,57.36737046225262,Q
611,0,3,female,18.45680173861257,0,0,44.38532163086283,S
612,1,3,male,21.479743874644193,2,0,137.53151742769984,Q
613,1,3,male,22.594312087103788,2,0,13.052617857049128,C
614,0,2,female,15.208193001356461,2,0,37.62099841515479,S
615,1,2,male,47.12316293933455,0,0,6.864906629259991,Q
616,1,3,male,26.376038394822356,1,0,83.33616896876593,S
617,0,3,male,34.93506955699631,0,0,109.12161267780877,C
618,0,3,male,22.01508087020847,0,0,108.44729734916237,S
619,1,3,female,4.511553792320761,0,0,92.83820636011016,Q
620,1,3,male,33.78080301747991,0,0,43.083283627141206,C
621,0,3,female,3.228430344123126,0,0,37.21656578785537,C
622,0,1,female,29.03912335480344,0,0,0.0,S
623,0,3,male,10.843589456340652,0,1,121.25557373136274,S
624,0,3,female,57.82186398923131,1,0,66.41423273519636,Q
625,0,1,male,42.759078110446104,0,0,32.7815083295681,S
626,0,3,female,31.480553077800725,0,0,96.48199111454386,S
627,0,1,male,47.69189348716536,0,0,15.953241913399971,S
628,1,3,female,18.151576315479698,0,1,64.23177119779359,S
629,0,1,male,37.608711301381305,0,0,43.95798029982079,S
630,0,3,male,32.79734607206199,0,0,72.35369989581054,C
631,1,3,male,33.69628113867138,0,1,47.774926128485745,S
632,1,2,female,47.81294900149475,1,0,0.0,S
633,0,3,male,40.25488943891723,0,0,52.64517304345132,S
634,0,3,male,34.042131279550325,1,0,86.71024496563768,Q
635,0,3,female,6.831575892803855,0,0,48.97742579511052,C
636,0,1,female,16.559351866087507,0,0,77.12902925561801,S
637,0,2,female,28.282074929659863,1,0,13.406468001408143,S
638,0,1,female,31.307213239873118,0,3,49.08087223555518,S
639,0,3,female,14.177147854565067,0,0,28.14213407189979,S
640,0,3,female,63.7634734580979,2,0,76.14432940366484,C
641,0,3,male,51.22951677355002,0,0,51.10220467916985,S
642,0,3,male,38.42965648549477,1,1,74.15257867178144,S
643,0,3,female,31.008516057972425,0,1,88.06986491552532,S
644,0,3,female,27.029074421383875,1,0,74.2066501292486,Q
645,0,1,male,16.673141559688702,0,0,59.55914520027755,S
646,1,3,male,31.084727259264074,0,0,15.062570952100813,S
647,0,1,female,33.60853556199851,0,0,49.90248612665846,C
648,1,3,male,12.61535194325726,0,0,31.34183592944584,S
649,1,3,male,34.678469841428566,0,0,37.95776151535207,S
650,0,3,male,27.826373316453516,0,0,36.89130472374122,C
651,0,1,male,3.2906941897165254,0,1,15.702604882621443,S
652,0,2,male,17.95460984908697,0,0,0.0,S
653,0,2,male,24.20952253209698,0,2,26.61499330852816,S
654,1,2,male,56.427627202762665,2,0,56.76828081734557,S
655,0,1,female,37.791743743472615,0,0,2.813803410037842,S
656,0,3,male,11.30325803260152,0,0,50.548878276506855,C
657,0,3,female,36.804508051846916,0,0,116.50939485088377,S
658,0,2,female,8.337744154862882,0,0,85.80697943382837,S
659,1,2,male,45.15767475441903,2,0,107.52395281921852,S
660,0,3,female,23.4042548745497,0,0,63.689475692645416,S
661,0,3,male,28.689093357651608,3,0,90.86284380452561,C
662,1,3,female,48.56115306559066,0,1,24.661234433627442,S
663,0,3,male,11.9797100398205,1,0,27.44809065423055,S
664,0,3,female,10.440345408418121,0,0,0.0,C
665,0,3,male,21.82960943115593,2,0,91.51509159148046,S
666,0,3,male,44.53730391427043,0,2,103.91133929369602,S
667,0,1,male,8.729154943324207,0,0,30.63879641284555,S
668,0,3,female,0.0,0,0,41.11169027609677,Q
669,0,1,female,23.683775982274017,0,0,23.61482602081635,S
670,0,3,male,37.724371198752884,2,0,63.392874301712204,Q
671,0,2,female,46.803664496343615,0,3,89.37263908561343,Q
672,1,3,male,23.515740930804412,0,0,0.0,S
673,0,3,female,24.240027500375966,1,0,64.33034857247883,C
674,0,3,male,46.15461027958046,0,0,40.31648798982991,C
675,0,3,female,3.8236162042641126,3,0,53.968803718834124,C
676,1,2,male,24.56070914743787,1,2,66.06479005860018,C
677,0,1,male,32.66593445895081,0,0,43.41291464295126,C
678,0,2,male,36.28906209799048,2,0,46.37446013079768,S
679,1,1,male,22.862706295327644,0,0,42.514369135587636,Q
680,1,3,male,30.48217416388178,0,0,83.96106706258985,C
681,1,2,male,0.0,0,1,64.65659860446237,Q
682,0,3,female,20.78452222732612,0,0,57.720423820807625,S
683,0,3,male,36.34912197576254,1,0,5.5166897617701025,S
684,1,3,male,16.247883520434485,2,1,36.749708987539606,S
685,1,1,male,30.825779102254362,0,0,81.4534206118711,S
686,0,3,male,36.25621501123777,0,0,51.3193800593373,S
687,0,3,male,25.20431118799129,3,0,73.08360143561984,S
688,0,3,male,32.386492793951994,0,3,111.82791301146719,Q
689,1,3,male,16.521744086015428,0,0,86.35121242230858,S
690,0,3,male,27.107442084255347,0,0,53.26054181949098,S
691,0,1,male,38.543026374249116,2,0,32.11537904314955,S
692,0,3,male,32.19762145355808,0,0,0.0,Q
693,0,2,male,21.7885622261049,1,0,44.10652771345016,S
694,0,1,male,33.1390296600711,1,0,38.58956264641028,C
695,0,2,female,40.004537068912654,0,0,63.66281680383815,C
696,0,1,male,1.3008220999153082,0,0,44.613317055885936,S
697,0,1,female,46.22703690938257,1,0,38.7865229197122,S
698,0,1,male,25.292433658464994,0,1,0.0,S
699,0,3,female,35.956859065363226,1,2,17.10112597974767,S
700,0,3,female,46.761456931033194,3,0,66.68278642801951,Q
701,0,3,male,10.796568238773478,0,0,110.0567670896443,C
702,0,2,female,20.067825966014347,1,0,46.58661156890318,C
703,0,2,male,25.960318257740134,1,0,61.473387575094314,S
704,0,3,male,19.027450704258,1,1,83.33673549334819,C
705,0,2,female,54.289112061715315,0,0,21.61871223299126,C
706,1,1,female,18.005190686424903,0,0,62.83849151499048,S
707,0,3,male,22.222345087183868,0,1,24.082846278374454,C
708,1,1,male,32.861446442441675,0,0,80.2688553471854,S
709,0,3,male,13.169906634934755,0,0,55.29910667831064,S
710,1,3,male,24.460470035412307,1,0,60.44581348935039,S
711,1,1,female,34.44434565750245,0,0,22.609049090349384,S
712,0,1,male,25.339954338644844,0,0,74.74613258637747,S
713,0,3,male,28.692583975400723,0,0,122.96495224308556,Q
714,0,3,male,22.589350425722806,1,1,14.723090660012787,S
715,0,1,male,8.797415671469263,0,0,38.10843473233667,S
716,1,3,male,34.50230495874934,0,2,58.10626159588321,C
717,1,1,female,54.56906300306138,0,0,77.52421741985358,C
718,1,3,female,30.257622830968135,1,1,30.415880014868588,S
719,0,3,female,33.15369764146569,0,0,0.0,S
720,1,1,male,39.69811857163603,0,1,97.57163229574087,S
721,1,1,female,12.229373048346211,3,1,76.617714185445,S
722,0,1,female,53.835205213814476,1,0,0.0,C
723,0,2,female,32.83260314991923,3,2,28.735092287715542,S
724,1,1,male,52.84599658724753,0,1,104.8863850334564,S
725,0,3,male,19.73753806266415,0,1,100.6728746460253,Q
726,1,1,male,55.45286691580955,2,0,82.85240079376305,S
727,0,3,male,40.85217691648697,0,1,43.83606481140481,S
728,1,3,male,37.742561201933015,1,1,52.90455965843785,S
729,0,3,male,33.27634236094407,0,0,45.41759682058557,C
730,0,3,male,26.52059934695771,0,2,89.4883924144093,S
731,0,2,female,46.80744321863422,0,0,19.345515772671146,S
732,1,3,male,31.965038177872657,0,0,21.797012079052838,S
733,1,3,male,2.461024149779867,0,0,85.35961053926056,S
734,0,2,female,14.359389536101967,0,0,48.447349057095344,C
735,0,1,female,27.39815946930154,3,0,98.24635744088329,S
736,1,3,female,34.339985764317774,0,0,26.4970727556809,S
737,0,3,female,29.207761155401457,0,2,48.08275738814112,C
738,1,1,male,47.065591057111284,1,0,17.715545530461632,S
739,0,2,female,2.6845739034592526,0,0,50.25769384982485,S
740,0,2,male,32.010231111072244,0,0,0.0,S
741,0,3,male,4.548290844579835,1,0,32.9328302665763,Q
742,0,3,male,40.635972136778356,0,2,0.0,S
743,1,3,male,28.677577997811962,1,0,74.28731316169404,S
744,0,1,male,35.874539608337656,1,1,75.08062689158781,S
745,0,2,male,17.905638551743273,3,0,0.0,S
746,1,3,female,47.912509043208516,0,0,96.68600109252006,S
747,0,1,male,44.58414529682392,0,0,137.40952942469488,C
748,0,2,male,38.16962024216643,0,0,51.61022353577194,S
749,1,3,female,28.18675854391183,0,0,27.561000892137432,S
750,1,1,male,38.11800199413185,2,0,148.85157068510662,S
751,0,3,male,20.103504048177115,0,0,3.836102559412126,Q
752,1,1,female,41.97777922628997,0,0,50.70372634041844,S
753,1,1,male,53.092732520534895,1,0,56.28677954211732,S
754,0,2,male,44.98854783970861,0,0,97.08016671583451,S
755,0,3,female,19.785565422696266,0,0,62.59086412943759,C
756,1,3,male,35.05984244182344,0,0,32.5478136474042,C
757,1,3,male,11.89601838737893,1,1,16.708547036421535,S
758,0,3,female,38.01346435645946,0,0,38.03623629138526,C
759,1,1,female,36.30844778007555,2,0,14.757542366919957,S
760,1,3,male,3.8225712465497033,0,2,51.673886192463904,C
761,0,3,male,13.735026185226907,1,0,30.25313370488297,S
762,0,3,male,26.03605544558726,1,0,0.0,S
763,0,1,male,25.787963540028432,0,0,93.93010259312163,S
764,1,3,male,13.067322904136727,0,0,32.58146167998362,S
765,0,1,male,35.44570221093057,0,1,5.615211825864058,S
766,0,2,female,33.52063052516717,1,1,44.11093029293605,C
767,1,3,male,27.28023215230073,0,2,52.393004808868056,C
768,1,3,male,19.418918997782917,0,0,0.0,S
769,0,2,male,44.68189976983189,0,0,61.6076683494017,S
770,1,2,female,53.17569958323614,0,0,13.349485095840741,S
771,0,3,male,23.23013922614848,0,0,109.88600832167756,S
772,1,3,male,21.429663159832508,0,0,68.33861792268571,S
773,0,3,female,36.87690731576795,0,0,36.00350034617392,S
774,0,3,male,24.987588683542192,1,0,23.919128038892733,C
775,1,3,male,28.04843919071472,0,0,46.32613023527316,S
776,0,2,male,40.3551441241454,0,1,71.44767595541514,S
777,0,3,male,3.269014774897901,3,1,49.10770549951801,S
778,1,2,male,48.45623254793737,1,0,42.399441750210016,S
779,1,2,male,31.01752734061078,2,0,52.042960178626345,S
780,1,3,male,24.239095976129477,0,0,28.864937406706588,S
781,1,1,male,28.750721840899715,0,1,37.98779256049368,S
782,0,3,female,29.474010970287264,0,0,0.0,C
783,0,3,female,5.763181751771043,1,0,84.08041807983287,C
784,0,3,female,50.9291351843453,0,0,60.45792231126167,S
785,0,3,female,30.57855885178866,0,0,22.929045458829943,S
786,1,3,male,36.20202982626326,0,0,116.45572434743336,S
787,0,3,female,43.3216967880366,0,1,53.04557681373353,C
788,0,3,male,15.703725594155797,0,0,13.73497498086811,C
789,0,1,female,36.6286065864932,0,0,79.98580975146604,S
790,1,3,female,26.25302472741689,0,0,63.931687577824185,S
791,0,1,female,41.85479085303091,0,0,63.810299491947674,S
792,0,3,female,0.21881611507906484,3,1,35.09855383719433,S
793,0,3,male,28.612679796622235,1,0,65.76735033223122,C
794,0,3,male,21.560510819024536,2,1,40.83845984226169,S
795,0,1,male,36.05168130887817,1,0,69.45795080760448,S
796,1,1,male,36.580618623154834,0,0,0.0,Q
797,1,3,male,20.093237472491637,0,0,34.81442879572838,S
798,0,1,male,20.029565901535392,0,0,110.27542842328683,Q
799,1,1,female,28.450684840197386,0,0,23.152639060989483,C
800,1,1,male,17.447008817587086,0,0,28.865659587738467,Q
801,1,3,female,41.78777173632977,0,0,34.32135315425087,C
802,0,3,female,24.831099193735753,0,0,7.481785243897484,S
803,0,2,female,0.0,0,1,0.0,S
804,0,2,female,24.752491207294714,0,2,41.92947605167355,S
805,0,2,male,15.460386508184387,0,0,54.75507984285799,S
806,1,3,female,7.1621385835467635,1,2,48.162322601147174,Q
807,1,3,female,12.676027064883986,0,0,44.92925033182396,C
808,1,1,male,31.53171860566158,0,0,51.506430479763566,S
809,0,1,male,48.60097159547524,0,1,85.79945150427675,S
810,0,1,female,34.38458263410972,0,0,43.334383492477414,Q
811,1,3,male,21.508952564979644,0,0,29.907109801945563,S
812,1,3,female,36.382658732389835,0,0,40.16060802891698,S
813,0,2,female,23.572735656934114,0,1,70.27713659148715,S
814,1,1,male,20.275594831715978,0,1,99.42094074901374,S
815,1,1,male,13.838922644738219,2,0,28.014969129078757,C
816,0,3,female,5.474396705475932,2,0,53.46268254601093,S
817,0,2,male,24.541068108167764,0,0,61.842510467758586,Q
818,0,3,male,32.212748858881845,0,0,15.259769764491196,S
819,0,3,male,28.647268619791543,1,0,50.714600852452136,C
820,0,2,male,24.17646300873698,0,1,0.0,S
821,1,1,female,16.759555150245063,0,0,0.0,C
822,0,1,male,38.51544668358956,0,0,62.83612427622899,S
823,0,3,male,11.56015312074781,2,0,36.5643840534226,S
824,0,3,male,40.86439079380865,0,0,57.07981426674267,S
825,0,3,male,15.968961735025854,0,2,49.37367580470775,S
826,1,3,female,19.46590667705751,1,0,15.82599829676709,S
827,0,1,female,9.465007331380523,0,0,48.41609943124822,S
828,0,3,male,22.980369943601087,0,0,6.841454324480068,S
829,1,3,male,43.6543744186917,3,0,98.68403253004902,S
830,0,2,male,37.21879323821539,0,0,2.5410379299012646,S
831,0,3,male,43.69790956839249,0,0,43.14751551609965,S
832,0,3,female,37.3099956430751,0,0,13.520494418346303,S
833,0,3,male,14.548622400574832,0,0,69.96474106762784,S
834,0,3,male,25.3689508594142,0,0,38.399902005147396,S
835,0,3,male,19.077212192355525,0,0,31.846664813257647,S
836,0,3,female,48.62804865654657,0,2,79.86205407680441,S
837,1,1,female,13.244958950031638,1,0,51.03007070871433,C
838,0,2,male,42.511767651447556,0,0,68.08255560775885,S
839,0,3,female,42.50135418152277,0,0,15.65359222188873,S
840,1,1,male,55.61468282402522,0,0,0.8314069625372582,S
841,0,2,male,24.264387703187037,1,0,53.752278671404675,S
842,1,2,female,39.97251023412227,0,0,38.840377557684405,C
843,0,2,female,61.9431257115438,0,0,71.92521353588805,S
844,1,3,female,21.353016522928247,0,0,47.20320415681076,S
845,0,3,male,8.509436534546964,0,0,57.177636873212045,S
846,0,2,male,3.6798595252913096,0,1,0.0,C
847,0,1,female,39.97796840405864,1,0,116.09529288649898,S
848,1,1,male,3.6358970871798277,0,0,44.251530523878884,S
849,0,3,male,24.787533258869082,0,0,74.41554396187196,C
850,0,3,male,36.12238461854545,0,0,20.73679154231307,S
851,0,2,female,32.5924575156188,1,0,60.780346577606934,Q
852,1,3,male,35.956228098578414,0,1,4.400433276633912,S
853,0,3,male,33.112057981211954,0,0,65.82237433908848,C
854,1,3,female,47.9041213863875,0,1,37.54090704649585,C
855,0,3,male,16.66757066965684,0,0,51.02166763774486,S
856,0,2,male,20.522068061580562,0,0,74.42909105455341,C
857,0,3,male,19.182767766208464,0,0,6.861089107290191,Q
858,0,3,male,41.62268536607654,0,1,26.042789428552105,S
859,0,3,male,42.60558023753089,0,0,66.00634983803678,S
860,0,3,male,36.317154470459116,0,0,123.43775160913614,S
861,1,3,female,46.56891133645899,0,0,45.16711828684814,S
862,0,3,male,13.507427856730672,0,0,70.68976412733764,S
863,0,1,female,53.34113756171592,1,0,46.255998554953194,S
864,0,3,male,51.32534070397162,3,2,117.97859581647049,C
865,0,3,male,40.298707961440456,3,2,0.0,C
866,0,3,male,54.945184722794835,2,0,53.31173656342753,S
867,0,1,male,6.807275092511166,0,2,0.0,S
868,0,1,female,22.657726092322875,1,0,0.0,S
869,1,1,male,19.705751550452668,0,0,60.41117185912358,S
870,1,3,male,40.100710532602804,0,0,54.88242286516106,S
871,0,3,female,15.298029645569962,0,0,40.030707179022954,C
872,0,1,female,40.6049320907248,0,3,46.28320684860864,Q
873,1,3,female,49.187506015953986,1,0,158.44048019249402,S
874,0,3,male,39.732840601175994,0,0,40.963870168899795,S
875,0,3,female,33.97251433126102,0,0,67.85435264375262,S
876,0,3,male,16.169773227389513,2,0,27.27223131351417,C
877,1,3,male,18.144086474244894,0,0,60.333140126421114,S
878,1,3,male,47.494664674153334,0,3,41.661821373053385,S
879,0,2,male,40.91088605467465,2,1,35.63185310445945,Q
880,0,3,male,29.453726728714383,0,1,113.66144862701137,S
881,0,3,male,24.149266359277533,0,0,91.20147371145185,S
882,1,3,female,1.6386897764407244,0,0,54.786132658973074,S
883,0,3,male,15.008066138417856,0,0,0.0,S
884,0,3,male,56.75986721995613,1,0,37.364677186160066,C
885,1,1,male,12.073622005965465,0,0,144.60596475417793,S
886,0,3,female,32.65271749709513,0,0,41.92684166761022,C
887,1,1,male,44.10421562473278,0,0,88.61261502187804,S
888,0,2,male,12.431082647967905,0,0,100.46798406834102,S
889,0,3,female,32.58594664693516,3,0,57.66373705495913,S
890,0,3,female,43.13081752514917,0,0,20.53624288461467,S
891,1,1,male,30.174990506701505,0,0,0.0,S
892,1,2,female,70.15764277933476,0,2,73.9457123013134,S
893,1,3,female,6.639610375705267,1,0,21.483539901175817,S
894,0,1,female,44.8221994183743,2,1,56.16526581606922,S
895,1,3,male,27.5807756764495,0,0,6.2562881143722535,S
896,0,3,female,40.806882167713454,0,0,40.716686083542925,S
897,0,3,male,36.17830012378944,0,0,51.180166921536866,S
898,1,1,male,19.735813240460047,1,1,59.400775336550424,S
899,0,2,male,33.20594949443076,0,1,10.981223442665502,S
900,0,3,male,3.98937968042398,2,0,91.89188320664732,Q
901,0,3,male,38.445465007999516,0,0,29.108682534381003,C
902,0,1,female,34.17421852386736,2,0,0.0,Q
903,0,3,male,38.94124236100343,0,0,46.184180301278765,S
904,0,1,male,44.813656551220106,0,2,51.2031358159261,S
905,0,3,male,35.14667776293595,0,0,55.62063016101159,S
906,1,1,male,32.07325187717586,0,0,97.67463412897777,S
907,1,3,female,17.66504328674191,2,0,41.72429071424492,S
908,0,2,male,20.028909308913285,1,0,45.813313147093005,S
909,0,2,male,46.614284682482634,0,0,11.388546656841726,C
910,0,1,male,50.108695679883695,0,0,78.7193726010764,C
911,0,2,male,26.666453891631242,0,0,56.45081724273362,S
912,0,3,male,30.644038461545836,1,0,35.29902954470431,S
913,1,3,female,17.335398750087275,0,0,0.0,S
914,0,2,female,46.41859583374423,0,1,100.55442682692805,C
915,0,3,male,39.315835531684904,0,0,7.0312012440379945,S
916,0,3,female,57.17704411049249,0,0,29.3052696720603,Q
917,0,3,female,17.703476919483656,0,0,62.542057887660114,Q
918,1,3,female,24.707889413744958,0,0,8.120472498415971,C
919,1,2,male,33.24024291535801,0,0,0.0,C
920,0,2,male,39.050853528160786,4,0,0.0,S
921,1,3,male,26.980653074333148,0,0,75.23489335169725,C
922,0,1,female,17.778544733648197,0,3,30.918481434578734,S
923,1,3,female,42.339705404929994,0,0,152.45445323656656,S
924,1,2,male,40.09589507563814,1,0,15.19757270291943,C
925,0,3,male,17.172162592107853,0,0,17.749214179987753,C
926,0,1,female,48.97619921547694,0,0,30.21124604001095,S
927,0,3,female,46.38278192875245,0,0,58.50971292984712,C
928,0,3,female,31.8801509614691,0,1,33.5428831425141,S
929,1,3,female,31.11437007326451,0,0,71.43162749008792,S
930,0,1,male,37.7568087956227,1,0,15.749406350397095,Q
931,0,3,male,17.936157016412388,2,0,1.6442898537746586,S
932,1,3,female,30.42044070829715,0,0,0.0,C
933,1,3,male,0.0,0,0,0.0,S
934,0,3,male,42.270379037041096,2,0,31.867584318373012,S
935,0,3,female,8.139094885813968,0,0,39.46568906623723,Q
936,0,3,male,51.04787759800598,1,0,27.899704038088583,Q
937,0,2,female,25.378318684469697,0,0,93.51920290155067,S
938,1,3,male,27.036662252963524,2,2,92.98105733628472,S
939,0,3,female,21.21172531481692,1,0,38.28189543944244,C
940,0,1,male,25.967455765090932,3,1,0.0,S
941,0,1,male,49.85943883207251,0,1,30.165321218073153,S
942,0,2,male,0.0,0,0,29.00625121290285,S
943,1,3,male,47.87751540523463,2,0,27.000276320267968,C
944,1,3,female,34.73232873542391,0,0,25.57983836356143,S
945,0,3,female,13.101696929998983,0,0,27.128798649631747,S
946,0,3,male,14.94562649731067,1,0,36.47104344357841,C
947,0,3,male,53.46950238091485,1,1,27.756061541455516,S
948,1,1,male,16.762903680801763,2,2,57.29128780189573,S
949,1,2,male,13.85309285165657,0,0,62.61290505667014,S
950,0,2,female,45.92240359310621,1,0,18.127421948612856,C
951,0,1,female,34.7397402680028,1,0,94.48728641024617,S
952,1,1,female,16.869041928490418,0,1,15.697819435578502,S
953,0,3,female,33.03274965566467,0,0,0.0,S
954,1,3,male,15.639462429036119,0,0,63.32723249777681,S
955,0,3,female,45.41149957791647,0,0,21.390715295498108,S
956,0,3,female,44.85919350822387,4,0,61.24520147650858,S
957,0,3,female,37.44808678350721,0,2,0.0,Q
958,0,2,female,35.06325485745823,1,0,98.73595795190737,S
959,0,3,male,54.656633748143236,3,0,73.53026928141408,S
960,1,3,female,29.995608583435153,0,2,0.0,Q
961,0,1,male,13.453762244108784,1,0,0.0,S
962,0,2,male,36.292634779652296,0,0,108.52930664341346,S
963,0,3,male,59.20465869351959,2,0,24.19170337757145,Q
964,0,2,female,15.79336709539807,0,0,20.80353029435817,C
965,0,3,female,24.9395212662842,3,0,0.0,Q
966,0,3,female,35.830244533420334,0,0,37.722762803945606,Q
967,1,1,female,29.245332113919652,0,0,42.02981348074865,S
968,0,2,male,16.247749874717595,1,0,75.04225838693199,C
969,0,2,female,45.706009987226594,0,1,1.032255013543356,S
970,0,1,male,62.48057010824163,0,1,0.0,S
971,1,1,male,32.7458404263347,0,0,65.7836922171767,C
972,1,3,male,17.343043943695996,1,0,85.23555249294728,S
973,1,2,female,8.31455264925135,0,0,0.0,S
974,0,3,female,33.611663737096535,0,0,87.85299302049094,S
975,0,2,male,45.45428280642761,0,1,51.31396445203875,C
976,0,3,male,36.65234845093534,0,0,88.21318686761259,Q
977,0,2,female,29.966346227136047,0,0,47.54228734688342,S
978,0,2,male,21.750196874949715,0,0,0.0,S
979,0,3,female,14.709709141946744,0,0,44.68114161893864,S
980,0,3,female,41.68651856854835,0,0,87.10503365349444,S
981,0,1,male,42.7928026993982,0,0,18.71888933207,C
982,1,3,male,8.359782986329737,2,3,36.42122608823917,S
983,0,3,female,52.257745694529575,0,1,43.835327375715764,Q
984,0,3,female,38.03699709251602,0,0,0.0,C
985,1,1,male,49.59432503204111,0,0,108.49716514031167,S
986,0,1,female,11.21021152120839,0,1,18.451851203598892,C
987,1,3,male,10.878461824183855,1,0,67.70074013654796,S
988,0,3,male,27.91442966325784,0,0,46.965460234812696,S
989,0,2,female,37.03898197653272,0,0,94.01666697257761,C
990,1,3,female,55.149051520977494,0,1,64.21196428498283,S
991,1,3,male,39.88510479341184,1,0,41.77765049676589,S
992,1,1,female,26.602462124631533,0,0,18.726971761825194,S
993,0,3,male,15.63083109267751,0,1,77.92477454837486,C
994,0,1,male,47.2200080180681,0,1,0.0,S
995,0,3,male,16.494124039489993,3,1,72.60616470965624,S
996,0,3,female,52.7985597668125,0,0,11.533433695579454,S
997,1,3,male,26.01861490550887,0,0,93.8299281684824,Q
998,0,1,male,52.2681490166499,2,0,55.64548399319433,S
999,1,1,male,39.5050380608299,1,0,72.54433187475381,C
1000,0,2,female,28.082063147805584,0,0,52.86960848386518,S
